Workbook

Sheet INSTRUÇÕES
B3: TEMPLATE BY PROCUREMENT GARAGE: MATRIZ DE KRALJIC
B5: Use esse template para ajudar a segmentar e definir a estratégia de suas categorias.
B7: INSTRUÇÕES DE USO
B9: 1) Preencha as colunas "A" e "B" com o segmento e categorias (no último nível)
B10: 2) Defina o título do rótulo, é o nome da categoria que irá aparecer na Matriz de Kraljic (coluna C)
B11: 3) Informe o Spend Total de compras (célula D5)
B12: 4) Informe o Spend de cada categoria a ser avaliado. Nesse exemplo, observe que priorizamos apenas 52% do spend, mas você pode utilizar 100%. Para isso, basta adicionar mais linhas e replicar as fórmulas.
B14: 5) Estabeleça os critérios de análise e sua relevância (deve somar 100%) para IMPACTO NO NEGÓCIO
B15: 6) Estabeleça a pontuação para cada critério a ser avaliado (1 a 4) para IMPACTO NO NEGÓCIO. Vide comentários nas células.
B16: 7) Avalie cada categoria conforme a pontuação definida no item 6.
B17: 8) Estabeleça os critérios de análise e sua relevância (deve somar 100%) para COMPLEXIDADE DO MERCADO FORNECEDOR
B18: 9) Estabeleça a pontuação para cada critério a ser avaliado (1 a 4) para COMPLEXIDADE DO MERCADO FORNECEDOR. Vide comentários nas células.
... B23: Comentários Adicionais
B24: Células | D24: = células com fórmulas (cuidado ao alterar)
B25: Células | D25: = células para preencher com dados
B27: Para saber mais sobre a Matriz de Kraljic e as estratégias de compras, venha participar de nossos treinamentos!
B28: www.procurementgarage.com/treinamentos/

Sheet DADOS
F2: MATRIZ DE KRALJIC - Exemplo
C5: Spend TOTAL (MM) | D5: 500
A6: SEGMENTO | B6: CATEGORIA | C6: Rótulo Dados | D6: SPEND SEM IMPOSTOS (R$ MM) | E6: % Sob Spend Total | F6: IMPACTO NO NEGÓCIO | J6: PONTUAÇÃO | L6: COMPLEXIDADE MERCADO FORNECEDOR | P6: PONTUAÇÃO | R6: ESTRATÉGIA COMPRAS
F7: Spend | G7: Nível Criticidade | H7: Especificações Técnicas | I7: Valor Percebido pelos Clientes Finais | L7: Estrutura do Mercado | M7: Rivalidade do Mercado | N7: Poder Barganha do Fornecedor | O7: Substituição Fornecedor
C8: Critério Peso | D8: =SUM(D9:D31) -> 260.62192 | E8: =SUM(E9:E31) -> 0.52124384 | F8: 0.4 | G8: 0.3 | H8: 0.15 | I8: 0.15 | J8: =SUM(F8:I8) -> 1 | L8: 0.25 | M8: 0.25 | N8: 0.25 | O8: 0.25 | P8: =SUM(L8:O8) -> 1
A9: (D) Matéria-Prima | B9: Matéria-Prima 1 | C9: Matéria-Prima 1 | D9: 59.99798 | E9: =D9/$D$5 -> 0.11999596 | F9: =IF(AND(E9<0.5%,E9>=0.15%),2,IF(AND(E9<0.5%),1,IF(E9>=1%,4,3))) -> 4 | G9: 4 | H9: 1 | I9: 4 | J9: =IF(SUM(G9,H9,I9)=0, "NA",SUM($F$8*F9,$G$8*G9,$H$8*H9,$I$8*I9)) -> 3.55 | L9: 3 | M9: 4 | N9: 4 | O9: 4 | P9: =IF(SUM(L9,M9,N9,O9)=0, "NA",SUM(L9*$L$8,$M$8*M9,$N$8*N9,$O$8*O9)) -> 3.75 | R9: =IF(OR(J9="NA",P9="NA"),"NA",IF(AND(J9<2.5,P9<2.5),"Não Crítico",IF(AND(J9<=2.5,P9>=2.5),"Gargalo",IF(AND(J9>=2.5,P9>=2.5),"Estratégico","Alavancável")))) -> Estratégico
A10: (D) Embalagens | B10: Embalagens 1 | C10: Embalagens 1 | D10: 40 | E10: =D10/$D$5 -> 0.08 | F10: =IF(AND(E10<0.5%,E10>=0.15%),2,IF(AND(E10<0.5%),1,IF(E10>=1%,4,3))) -> 4 | G10: 4 | H10: 4 | I10: 4 | J10: =IF(SUM(G10,H10,I10)=0, "NA",SUM($F$8*F10,$G$8*G10,$H$8*H10,$I$8*I10)) -> 4 | L10: 3 | M10: 4 | N10: 3 | O10: 4 | P10: =IF(SUM(L10,M10,N10,O10)=0, "NA",SUM(L10*$L$8,$M$8*M10,$N$8*N10,$O$8*O10)) -> 3.5 | R10: =IF(OR(J10="NA",P10="NA"),"NA",IF(AND(J10<2.5,P10<2.5),"Não Crítico",IF(AND(J10<=2.5,P10>=2.5),"Gargalo",IF(AND(J10>=2.5,P10>=2.5),"Estratégico","Alavancável")))) -> Estratégico
A11: (D) Matéria-Prima | B11: Matéria-Prima 2 | C11: Matéria-Prima 2 | D11: 31 | E11: =D11/$D$5 -> 0.062 | F11: =IF(AND(E11<0.5%,E11>=0.15%),2,IF(AND(E11<0.5%),1,IF(E11>=1%,4,3))) -> 4 | G11: 4 | H11: 1 | I11: 4 | J11: =IF(SUM(G11,H11,I11)=0, "NA",SUM($F$8*F11,$G$8*G11,$H$8*H11,$I$8*I11)) -> 3.55 | L11: 3 | M11: 4 | N11: 4 | O11: 4 | P11: =IF(SUM(L11,M11,N11,O11)=0, "NA",SUM(L11*$L$8,$M$8*M11,$N$8*N11,$O$8*O11)) -> 3.75 | R11: =IF(OR(J11="NA",P11="NA"),"NA",IF(AND(J11<2.5,P11<2.5),"Não Crítico",IF(AND(J11<=2.5,P11>=2.5),"Gargalo",IF(AND(J11>=2.5,P11>=2.5),"Estratégico","Alavancável")))) -> Estratégico
A12: (I) Logística | B12: Transporte | C12: Frete Inbound | D12: =30.46390429-3.44 -> 27.023904 | E12: =D12/$D$5 -> 0.054047809 | F12: =IF(AND(E12<0.5%,E12>=0.15%),2,IF(AND(E12<0.5%),1,IF(E12>=1%,4,3))) -> 4 | G12: 3 | H12: 2 | I12: 2 | J12: =IF(SUM(G12,H12,I12)=0, "NA",SUM($F$8*F12,$G$8*G12,$H$8*H12,$I$8*I12)) -> 3.1 | L12: 1 | M12: 1 | N12: 3 | O12: 1 | P12: =IF(SUM(L12,M12,N12,O12)=0, "NA",SUM(L12*$L$8,$M$8*M12,$N$8*N12,$O$8*O12)) -> 1.5 | R12: =IF(OR(J12="NA",P12="NA"),"NA",IF(AND(J12<2.5,P12<2.5),"Não Crítico",IF(AND(J12<=2.5,P12>=2.5),"Gargalo",IF(AND(J12>=2.5,P12>=2.5),"Estratégico","Alavancável")))) -> Alavancável
A13: (D) Matéria-Prima | B13: Matéria-Prima 3 | C13: Matéria-Prima 3 | D13: 27.4 | E13: =D13/$D$5 -> 0.0548 | F13: =IF(AND(E13<0.5%,E13>=0.15%),2,IF(AND(E13<0.5%),1,IF(E13>=1%,4,3))) -> 4 | G13: 4 | H13: 2 | I13: 4 | J13: =IF(SUM(G13,H13,I13)=0, "NA",SUM($F$8*F13,$G$8*G13,$H$8*H13,$I$8*I13)) -> 3.7 | L13: 3 | M13: 4 | N13: 3 | O13: 4 | P13: =IF(SUM(L13,M13,N13,O13)=0, "NA",SUM(L13*$L$8,$M$8*M13,$N$8*N13,$O$8*O13)) -> 3.5 | R13: =IF(OR(J13="NA",P13="NA"),"NA",IF(AND(J13<2.5,P13<2.5),"Não Crítico",IF(AND(J13<=2.5,P13>=2.5),"Gargalo",IF(AND(J13>=2.5,P13>=2.5),"Estratégico","Alavancável")))) -> Estratégico
A14: (I) Logística | B14: Armazenagem | C14: Armazem/Galpões | D14: 10 | E14: =D14/$D$5 -> 0.02 | F14: =IF(AND(E14<0.5%,E14>=0.15%),2,IF(AND(E14<0.5%),1,IF(E14>=1%,4,3))) -> 4 | G14: 2 | H14: 1 | I14: 1 | J14: =IF(SUM(G14,H14,I14)=0, "NA",SUM($F$8*F14,$G$8*G14,$H$8*H14,$I$8*I14)) -> 2.5 | L14: 2 | M14: 3 | N14: 2 | O14: 3 | P14: =IF(SUM(L14,M14,N14,O14)=0, "NA",SUM(L14*$L$8,$M$8*M14,$N$8*N14,$O$8*O14)) -> 2.5 | R14: =IF(OR(J14="NA",P14="NA"),"NA",IF(AND(J14<2.5,P14<2.5),"Não Crítico",IF(AND(J14<=2.5,P14>=2.5),"Gargalo",IF(AND(J14>=2.5,P14>=2.5),"Estratégico","Alavancável")))) -> Gargalo
A15: (I) Máquinas | B15: Componentes | C15: Componentes | D15: 10.5 | E15: =D15/$D$5 -> 0.021 | F15: =IF(AND(E15<0.5%,E15>=0.15%),2,IF(AND(E15<0.5%),1,IF(E15>=1%,4,3))) -> 4 | G15: 3 | H15: 4 | I15: 2 | J15: =IF(SUM(G15,H15,I15)=0, "NA",SUM($F$8*F15,$G$8*G15,$H$8*H15,$I$8*I15)) -> 3.4 | L15: 4 | M15: 4 | N15: 4 | O15: 4 | P15: =IF(SUM(L15,M15,N15,O15)=0, "NA",SUM(L15*$L$8,$M$8*M15,$N$8*N15,$O$8*O15)) -> 4 | R15: =IF(OR(J15="NA",P15="NA"),"NA",IF(AND(J15<2.5,P15<2.5),"Não Crítico",IF(AND(J15<=2.5,P15>=2.5),"Gargalo",IF(AND(J15>=2.5,P15>=2.5),"Estratégico","Alavancável")))) -> Estratégico
A16: (I) Marketing | B16: Publicidade & Propaganda | C16: Agências Marketing | D16: 9 | E16: =D16/$D$5 -> 0.018 | F16: =IF(AND(E16<0.5%,E16>=0.15%),2,IF(AND(E16<0.5%),1,IF(E16>=1%,4,3))) -> 4 | G16: 2 | H16: 1 | I16: 4 | J16: =IF(SUM(G16,H16,I16)=0, "NA",SUM($F$8*F16,$G$8*G16,$H$8*H16,$I$8*I16)) -> 2.95 | L16: 1 | M16: 3 | N16: 2 | O16: 3 | P16: =IF(SUM(L16,M16,N16,O16)=0, "NA",SUM(L16*$L$8,$M$8*M16,$N$8*N16,$O$8*O16)) -> 2.25 | R16: =IF(OR(J16="NA",P16="NA"),"NA",IF(AND(J16<2.5,P16<2.5),"Não Crítico",IF(AND(J16<=2.5,P16>=2.5),"Gargalo",IF(AND(J16>=2.5,P16>=2.5),"Estratégico","Alavancável")))) -> Alavancável
A17: (I) Máquinas | B17: Máquinas e Equipamentos | C17: Máquinas e Equipamentos | D17: 7.7 | E17: =D17/$D$5 -> 0.0154 | F17: =IF(AND(E17<0.5%,E17>=0.15%),2,IF(AND(E17<0.5%),1,IF(E17>=1%,4,3))) -> 4 | G17: 4 | H17: 4 | I17: 1 | J17: =IF(SUM(G17,H17,I17)=0, "NA",SUM($F$8*F17,$G$8*G17,$H$8*H17,$I$8*I17)) -> 3.55 | L17: 4 | M17: 3 | N17: 4 | O17: 4 | P17: =IF(SUM(L17,M17,N17,O17)=0, "NA",SUM(L17*$L$8,$M$8*M17,$N$8*N17,$O$8*O17)) -> 3.75 | R17: =IF(OR(J17="NA",P17="NA"),"NA",IF(AND(J17<2.5,P17<2.5),"Não Crítico",IF(AND(J17<=2.5,P17>=2.5),"Gargalo",IF(AND(J17>=2.5,P17>=2.5),"Estratégico","Alavancável")))) -> Estratégico
A18: (I) Energia Elétrica | B18: Energia Elétrica | C18: Energia Elétrica | D18: 7.5 | E18: =D18/$D$5 -> 0.015 | F18: =IF(AND(E18<0.5%,E18>=0.15%),2,IF(AND(E18<0.5%),1,IF(E18>=1%,4,3))) -> 4 | G18: 4 | H18: 1 | I18: 1 | J18: =IF(SUM(G18,H18,I18)=0, "NA",SUM($F$8*F18,$G$8*G18,$H$8*H18,$I$8*I18)) -> 3.1 | L18: 3 | M18: 4 | N18: 2 | O18: 3 | P18: =IF(SUM(L18,M18,N18,O18)=0, "NA",SUM(L18*$L$8,$M$8*M18,$N$8*N18,$O$8*O18)) -> 3 | R18: =IF(OR(J18="NA",P18="NA"),"NA",IF(AND(J18<2.5,P18<2.5),"Não Crítico",IF(AND(J18<=2.5,P18>=2.5),"Gargalo",IF(AND(J18>=2.5,P18>=2.5),"Estratégico","Alavancável")))) -> Estratégico
A19: (I) Consumíveis | B19: Gases Especiais | C19: Gás Natural | D19: 5 | E19: =D19/$D$5 -> 0.01 | F19: =IF(AND(E19<0.5%,E19>=0.15%),2,IF(AND(E19<0.5%),1,IF(E19>=1%,4,3))) -> 4 | G19: 4 | H19: 1 | I19: 1 | J19: =IF(SUM(G19,H19,I19)=0, "NA",SUM($F$8*F19,$G$8*G19,$H$8*H19,$I$8*I19)) -> 3.1 | L19: 3 | M19: 3 | N19: 3 | O19: 3 | P19: =IF(SUM(L19,M19,N19,O19)=0, "NA",SUM(L19*$L$8,$M$8*M19,$N$8*N19,$O$8*O19)) -> 3 | R19: =IF(OR(J19="NA",P19="NA"),"NA",IF(AND(J19<2.5,P19<2.5),"Não Crítico",IF(AND(J19<=2.5,P19>=2.5),"Gargalo",IF(AND(J19>=2.5,P19>=2.5),"Estratégico","Alavancável")))) -> Estratégico
A20: (I) Facilities | B20: Gestão Resíduos | C20: Gestão Resíduos | D20: 4 | E20: =D20/$D$5 -> 0.008 | F20: =IF(AND(E20<0.5%,E20>=0.15%),2,IF(AND(E20<0.5%),1,IF(E20>=1%,4,3))) -> 3 | G20: 4 | H20: 2 | I20: 1 | J20: =IF(SUM(G20,H20,I20)=0, "NA",SUM($F$8*F20,$G$8*G20,$H$8*H20,$I$8*I20)) -> 2.85 | L20: 1 | M20: 1 | N20: 2 | O20: 2 | P20: =IF(SUM(L20,M20,N20,O20)=0, "NA",SUM(L20*$L$8,$M$8*M20,$N$8*N20,$O$8*O20)) -> 1.5 | R20: =IF(OR(J20="NA",P20="NA"),"NA",IF(AND(J20<2.5,P20<2.5),"Não Crítico",IF(AND(J20<=2.5,P20>=2.5),"Gargalo",IF(AND(J20>=2.5,P20>=2.5),"Estratégico","Alavancável")))) -> Alavancável
A21: (D) Embalagens | B21: Pallets | C21: Pallets | D21: 4.5 | E21: =D21/$D$5 -> 0.009 | F21: =IF(AND(E21<0.5%,E21>=0.15%),2,IF(AND(E21<0.5%),1,IF(E21>=1%,4,3))) -> 3 | G21: 4 | H21: 1 | I21: 2 | J21: =IF(SUM(G21,H21,I21)=0, "NA",SUM($F$8*F21,$G$8*G21,$H$8*H21,$I$8*I21)) -> 2.85 | L21: 1 | M21: 2 | N21: 2 | O21: 2 | P21: =IF(SUM(L21,M21,N21,O21)=0, "NA",SUM(L21*$L$8,$M$8*M21,$N$8*N21,$O$8*O21)) -> 1.75 | R21: =IF(OR(J21="NA",P21="NA"),"NA",IF(AND(J21<2.5,P21<2.5),"Não Crítico",IF(AND(J21<=2.5,P21>=2.5),"Gargalo",IF(AND(J21>=2.5,P21>=2.5),"Estratégico","Alavancável")))) -> Alavancável
A22: (I) Serviços | B22: Manutenção | C22: Manutenção | D22: 3.5 | E22: =D22/$D$5 -> 0.007 | F22: =IF(AND(E22<0.5%,E22>=0.15%),2,IF(AND(E22<0.5%),1,IF(E22>=1%,4,3))) -> 3 | G22: 4 | H22: 3 | I22: 1 | J22: =IF(SUM(G22,H22,I22)=0, "NA",SUM($F$8*F22,$G$8*G22,$H$8*H22,$I$8*I22)) -> 3 | L22: 1 | M22: 2 | N22: 2 | O22: 2 | P22: =IF(SUM(L22,M22,N22,O22)=0, "NA",SUM(L22*$L$8,$M$8*M22,$N$8*N22,$O$8*O22)) -> 1.75 | R22: =IF(OR(J22="NA",P22="NA"),"NA",IF(AND(J22<2.5,P22<2.5),"Não Crítico",IF(AND(J22<=2.5,P22>=2.5),"Gargalo",IF(AND(J22>=2.5,P22>=2.5),"Estratégico","Alavancável")))) -> Alavancável
A23: (I) TI | B23: Serviços | C23: Serviços Consultoria TI | D23: 3 | E23: =D23/$D$5 -> 0.006 | F23: =IF(AND(E23<0.5%,E23>=0.15%),2,IF(AND(E23<0.5%),1,IF(E23>=1%,4,3))) -> 3 | G23: 2 | H23: 1 | I23: 1 | J23: =IF(SUM(G23,H23,I23)=0, "NA",SUM($F$8*F23,$G$8*G23,$H$8*H23,$I$8*I23)) -> 2.1 | L23: 1 | M23: 1 | N23: 2 | O23: 3 | P23: =IF(SUM(L23,M23,N23,O23)=0, "NA",SUM(L23*$L$8,$M$8*M23,$N$8*N23,$O$8*O23)) -> 1.75 | R23: =IF(OR(J23="NA",P23="NA"),"NA",IF(AND(J23<2.5,P23<2.5),"Não Crítico",IF(AND(J23<=2.5,P23>=2.5),"Gargalo",IF(AND(J23>=2.5,P23>=2.5),"Estratégico","Alavancável")))) -> Não Crítico
A24: (I) Recursos Humanos | B24: Benefícios | C24: Benefícios Planos de Saúde | D24: 2.5 | E24: =D24/$D$5 -> 0.005 | F24: =IF(AND(E24<0.5%,E24>=0.15%),2,IF(AND(E24<0.5%),1,IF(E24>=1%,4,3))) -> 3 | G24: 3 | H24: 1 | I24: 1 | J24: =IF(SUM(G24,H24,I24)=0, "NA",SUM($F$8*F24,$G$8*G24,$H$8*H24,$I$8*I24)) -> 2.4 | L24: 3 | M24: 3 | N24: 3 | O24: 2 | P24: =IF(SUM(L24,M24,N24,O24)=0, "NA",SUM(L24*$L$8,$M$8*M24,$N$8*N24,$O$8*O24)) -> 2.75 | R24: =IF(OR(J24="NA",P24="NA"),"NA",IF(AND(J24<2.5,P24<2.5),"Não Crítico",IF(AND(J24<=2.5,P24>=2.5),"Gargalo",IF(AND(J24>=2.5,P24>=2.5),"Estratégico","Alavancável")))) -> Gargalo
... A31: (I) Facilities | B31: Serviços | C31: Serviços Vigilancia & Segurança | D31: 0.55003586 | E31: =D31/$D$5 -> 0.0011000717 | F31: =IF(AND(E31<0.5%,E31>=0.15%),2,IF(AND(E31<0.5%),1,IF(E31>=1%,4,3))) -> 1 | G31: 2 | H31: 1 | I31: 1 | J31: =IF(SUM(G31,H31,I31)=0, "NA",SUM($F$8*F31,$G$8*G31,$H$8*H31,$I$8*I31)) -> 1.3 | L31: 1 | M31: 1 | N31: 2 | O31: 2 | P31: =IF(SUM(L31,M31,N31,O31)=0, "NA",SUM(L31*$L$8,$M$8*M31,$N$8*N31,$O$8*O31)) -> 1.5 | R31: =IF(OR(J31="NA",P31="NA"),"NA",IF(AND(J31<2.5,P31<2.5),"Não Crítico",IF(AND(J31<=2.5,P31>=2.5),"Gargalo",IF(AND(J31>=2.5,P31>=2.5),"Estratégico","Alavancável")))) -> Não Crítico

Sheet Resumo Dados
A1: SEGMENTO | B1: CATEGORIA (Nível II) | C1: ROTÚLO DADOS | D1: SPEND (R$ MM) | E1: COMPLEXIDADE (Eixo X) | F1: IMPACTO NEGÓCIO (Eixo Y) | G1: ESTRATÉGIA COMPRAS
A4: =DADOS!A9 -> (D) Matéria-Prima | B4: =DADOS!B9 -> Matéria-Prima 1 | C4: =DADOS!C9 -> Matéria-Prima 1 | D4: =DADOS!D9 -> 59.99798 | E4: =DADOS!P9 -> 3.75 | F4: =DADOS!J9 -> 3.55 | G4: =DADOS!R9 -> Estratégico
A5: =DADOS!A10 -> (D) Embalagens | B5: =DADOS!B10 -> Embalagens 1 | C5: =DADOS!C10 -> Embalagens 1 | D5: =DADOS!D10 -> 40 | E5: =DADOS!P10 -> 3.5 | F5: =DADOS!J10 -> 4 | G5: =DADOS!R10 -> Estratégico
A6: =DADOS!A11 -> (D) Matéria-Prima | B6: =DADOS!B11 -> Matéria-Prima 2 | C6: =DADOS!C11 -> Matéria-Prima 2 | D6: =DADOS!D11 -> 31 | E6: =DADOS!P11 -> 3.75 | F6: =DADOS!J11 -> 3.55 | G6: =DADOS!R11 -> Estratégico
A7: =DADOS!A12 -> (I) Logística | B7: =DADOS!B12 -> Transporte | C7: =DADOS!C12 -> Frete Inbound | D7: =DADOS!D12 -> 27.023904 | E7: =DADOS!P12 -> 1.5 | F7: =DADOS!J12 -> 3.1 | G7: =DADOS!R12 -> Alavancável
A8: =DADOS!A13 -> (D) Matéria-Prima | B8: =DADOS!B13 -> Matéria-Prima 3 | C8: =DADOS!C13 -> Matéria-Prima 3 | D8: =DADOS!D13 -> 27.4 | E8: =DADOS!P13 -> 3.5 | F8: =DADOS!J13 -> 3.7 | G8: =DADOS!R13 -> Estratégico
A9: =DADOS!A14 -> (I) Logística | B9: =DADOS!B14 -> Armazenagem | C9: =DADOS!C14 -> Armazem/Galpões | D9: =DADOS!D14 -> 10 | E9: =DADOS!P14 -> 2.5 | F9: =DADOS!J14 -> 2.5 | G9: =DADOS!R14 -> Gargalo
A10: =DADOS!A15 -> (I) Máquinas | B10: =DADOS!B15 -> Componentes | C10: =DADOS!C15 -> Componentes | D10: =DADOS!D15 -> 10.5 | E10: =DADOS!P15 -> 4 | F10: =DADOS!J15 -> 3.4 | G10: =DADOS!R15 -> Estratégico
A11: =DADOS!A16 -> (I) Marketing | B11: =DADOS!B16 -> Publicidade & Propaganda | C11: =DADOS!C16 -> Agências Marketing | D11: =DADOS!D16 -> 9 | E11: =DADOS!P16 -> 2.25 | F11: =DADOS!J16 -> 2.95 | G11: =DADOS!R16 -> Alavancável
A12: =DADOS!A17 -> (I) Máquinas | B12: =DADOS!B17 -> Máquinas e Equipamentos | C12: =DADOS!C17 -> Máquinas e Equipamentos | D12: =DADOS!D17 -> 7.7 | E12: =DADOS!P17 -> 3.75 | F12: =DADOS!J17 -> 3.55 | G12: =DADOS!R17 -> Estratégico
A13: =DADOS!A18 -> (I) Energia Elétrica | B13: =DADOS!B18 -> Energia Elétrica | C13: =DADOS!C18 -> Energia Elétrica | D13: =DADOS!D18 -> 7.5 | E13: =DADOS!P18 -> 3 | F13: =DADOS!J18 -> 3.1 | G13: =DADOS!R18 -> Estratégico
A14: =DADOS!A19 -> (I) Consumíveis | B14: =DADOS!B19 -> Gases Especiais | C14: =DADOS!C19 -> Gás Natural | D14: =DADOS!D19 -> 5 | E14: =DADOS!P19 -> 3 | F14: =DADOS!J19 -> 3.1 | G14: =DADOS!R19 -> Estratégico
A15: =DADOS!A20 -> (I) Facilities | B15: =DADOS!B20 -> Gestão Resíduos | C15: =DADOS!C20 -> Gestão Resíduos | D15: =DADOS!D20 -> 4 | E15: =DADOS!P20 -> 1.5 | F15: =DADOS!J20 -> 2.85 | G15: =DADOS!R20 -> Alavancável
... A21: =DADOS!A26 -> (I) Serviços | B21: =DADOS!B26 -> Serviços Jurídicos | C21: =DADOS!C26 -> Serviços Jurídicos | D21: =DADOS!D26 -> 1.5 | E21: =DADOS!P26 -> 1.25 | F21: =DADOS!J26 -> 1.55 | G21: =DADOS!R26 -> Não Crítico
A22: =DADOS!A27 -> (I) Serviços | B22: =DADOS!B27 -> Consultoria | C22: =DADOS!C27 -> Consultoria Gestão Empresarial | D22: 1 | E22: =DADOS!P27 -> 1.25 | F22: =DADOS!J27 -> 1.55 | G22: =DADOS!R27 -> Não Crítico
A23: =DADOS!A28 -> (I) Facilities | B23: =DADOS!B28 -> Frota | C23: =DADOS!C28 -> Frota Locação de Veículos | D23: =DADOS!D28 -> 0.8 | E23: =DADOS!P28 -> 1.5 | F23: =DADOS!J28 -> 1.7 | G23: =DADOS!R28 -> Não Crítico
A24: =DADOS!A29 -> (I) Serviços | B24: =DADOS!B29 -> Especializados | C24: =DADOS!C29 -> Especializados Assistencia Técnica | D24: =DADOS!D29 -> 0.75 | E24: =DADOS!P29 -> 3 | F24: =DADOS!J29 -> 2.3 | G24: =DADOS!R29 -> Gargalo
A25: =DADOS!A30 -> (I) TI | B25: =DADOS!B30 -> Equipamentos e Periféricos | C25: =DADOS!C30 -> Equipamentos e Periféricos Outros | D25: =DADOS!D30 -> 0.7 | E25: =DADOS!P30 -> 1 | F25: =DADOS!J30 -> 1.75 | G25: =DADOS!R30 -> Não Crítico
A26: =DADOS!A31 -> (I) Facilities | B26: =DADOS!B31 -> Serviços | C26: =DADOS!C31 -> Serviços Vigilancia & Segurança | D26: =DADOS!D31 -> 0.55003586 | E26: =DADOS!P31 -> 1.5 | F26: =DADOS!J31 -> 1.3 | G26: =DADOS!R31 -> Não Crítico

Sheet Matriz Kraljic
